City_ID,City,Lat,Lng,Max Temp,Humidity,Cloudiness,Wind Speed,Country,Date
0,badger,64.8,-147.5333,16.14,74,100,3.09,US,1685152722
1,port mathurin,-19.6833,63.4167,25.3,74,61,8.61,MU,1685152722
2,puerto ayora,-0.7393,-90.3518,25.86,93,52,1.34,EC,1685152722
3,east london,-33.0153,27.9116,12.82,54,36,2.47,ZA,1685152723
4,west island,-12.1568,96.8225,26.99,74,75,8.75,CC,1685152724
5,waitangi,-43.9535,-176.5597,15.46,86,100,2.68,NZ,1685152724
6,avarua,-21.2078,-159.775,24.03,73,100,1.03,CK,1685152725
7,blackmans bay,-43.0167,147.3167,13.18,63,97,5.34,AU,1685152725
8,longyearbyen,78.2186,15.6401,-1.09,64,40,4.12,SJ,1685152726
9,amga,60.8953,131.9608,11.59,42,87,3.37,RU,1685152726
10,yellowknife,62.456,-114.3525,20.31,40,40,4.63,CA,1685152726
11,petropavlovsk-kamchatsky,53.0452,158.6483,17.33,39,20,2.0,RU,1685152727
12,port-aux-francais,-49.35,70.2167,4.35,97,92,8.43,TF,1685152727
13,anton lizardo,19.05,-95.9833,28.45,73,25,3.34,MX,1685152728
14,velur,12.9333,79.1333,30.12,56,21,4.58,IN,1685152728
15,broken hill,-31.95,141.4333,13.83,49,77,5.13,AU,1685152729
16,bani walid,31.7566,13.9942,16.9,79,4,5.88,LY,1685152729
17,jamestown,42.097,-79.2353,14.8,41,0,3.6,US,1685152607
18,bilibino,68.0546,166.4372,12.21,22,99,5.76,RU,1685152730
19,el galpon,-25.3807,-64.6526,22.5,74,100,1.36,AR,1685152730
20,baynjiwayn,35.6183,45.9541,15.13,59,12,2.8,IQ,1685152730
21,lihue,21.9789,-159.3672,27.58,67,75,6.17,US,1685152730
22,puerto cabezas,14.0351,-83.3888,26.68,80,100,2.39,NI,1685152731
23,whitehorse,60.7161,-135.0538,11.01,31,75,10.29,CA,1685152674
24,razole,16.4833,81.8333,32.08,63,1,2.15,IN,1685152731
25,st. john's,47.5649,-52.7093,7.66,97,100,6.17,CA,1685152732
26,zhaobaoshan,29.9695,121.6875,27.01,79,100,6.49,CN,1685152732
27,stanley,54.868,-1.6985,10.5,90,78,1.91,GB,1685152732
28,yamada,39.4667,141.95,21.41,58,22,1.95,JP,1685152732
29,chok chai,14.7284,102.1652,31.27,98,90,2.87,TH,1685152732
30,caleta de carquin,-11.0925,-77.6267,21.96,81,76,5.37,PE,1685152733
31,helston,50.1032,-5.2705,12.29,81,3,3.6,GB,1685152733
32,anadyr,64.75,177.4833,5.28,75,75,6.71,RU,1685152733
33,aasiaat,68.7098,-52.8699,0.43,97,100,12.96,GL,1685152733
34,saldanha,-33.0117,17.9442,6.03,67,0,1.16,ZA,1685152734
35,kingston,17.997,-76.7936,28.53,79,20,4.12,JM,1685152734
36,ushuaia,-54.8,-68.3,1.81,87,75,13.89,AR,1685152603
37,adamstown,-25.066,-130.1015,22.79,72,65,6.23,PN,1685152734
38,invercargill,-46.4,168.35,9.92,91,100,2.54,NZ,1685152357
39,hermanus,-34.4187,19.2345,10.83,70,7,2.49,ZA,1685152735
40,padampur,29.6833,73.6167,27.39,59,4,5.26,IN,1685152735
41,ancud,-41.8697,-73.8203,4.99,77,3,1.8,CL,1685152735
42,new norfolk,-42.7826,147.0587,13.84,58,100,2.24,AU,1685152736
43,plettenberg bay,-34.0527,23.3716,11.2,60,0,2.47,ZA,1685152736
44,nueve de julio,-35.4444,-60.8831,12.76,63,43,2.24,AR,1685152736
45,dharchula,29.85,80.5333,20.33,64,59,1.12,IN,1685152736
46,ulladulla,-35.35,150.4667,16.17,40,4,0.8,AU,1685152737
47,albany,42.6001,-73.9662,14.33,74,0,2.01,US,1685152737
48,brookings,44.3114,-96.7984,24.0,23,0,4.63,US,1685152440
49,issia,6.4922,-6.5856,22.85,99,100,1.06,CI,1685152737
50,college,64.8569,-147.8028,16.18,69,75,3.09,US,1685152737
51,irymple,-34.25,142.1667,14.49,79,98,1.34,AU,1685152738
52,aljezur,37.3191,-8.8033,17.58,78,98,2.04,PT,1685152738
53,kenai,60.5544,-151.2583,10.01,78,100,3.6,US,1685152738
54,vorgashor,67.5833,63.95,15.94,74,65,6.13,RU,1685152738
55,murun-kuren,49.6342,100.1625,6.14,65,95,1.94,MN,1685152739
56,port alberni,49.2413,-124.8028,26.05,45,100,2.24,CA,1685152497
57,atafu village,-8.5421,-172.5159,28.68,68,18,2.43,TK,1685152739
58,mejit,10.2753,170.8646,26.19,80,100,7.42,MH,1685152739
59,grytviken,-54.2811,-36.5092,3.57,98,100,1.97,GS,1685152740
60,remire-montjoly,4.9167,-52.2667,24.02,94,75,0.0,GF,1685152740
61,big spring,32.2504,-101.4787,22.25,81,100,9.26,US,1685152593
62,northam,51.0333,-4.2167,10.9,79,18,3.11,GB,1685152740
63,kununurra,-15.7667,128.7333,23.99,33,6,5.14,AU,1685152741
64,tolanaro,-25.0319,46.9987,22.04,78,20,3.09,MG,1685152741
65,sarupathar,26.1984,93.8094,24.9,84,54,2.16,IN,1685152741
66,huilong,31.8111,121.655,20.21,93,100,10.98,CN,1685152742
67,rawlins,41.7911,-107.2387,16.94,36,0,11.83,US,1685152743
68,labytnangi,66.6572,66.4183,19.82,63,50,4.66,RU,1685152743
69,okha,53.5739,142.9478,4.92,90,100,2.4,RU,1685152744
70,jimma,7.6667,36.8333,14.94,96,65,0.62,ET,1685152745
71,midvagur,62.0511,-7.1939,9.46,93,100,4.63,FO,1685152747
72,cascais,38.6979,-9.4215,18.62,94,100,7.6,PT,1685152748
73,ilulissat,69.2167,-51.1,0.19,94,100,8.36,GL,1685152748
74,pundong,-7.9522,110.3486,28.45,66,34,4.81,ID,1685152749
75,zapala,-38.8992,-70.0544,2.18,54,0,2.19,AR,1685152750
76,carnarvon,-24.8667,113.6333,21.2,34,100,6.44,AU,1685152750
77,puerto baquerizo moreno,-0.9,-89.6,25.42,85,76,3.5,EC,1685152750
78,ust'-kulom,61.6864,53.6902,15.07,97,100,1.21,RU,1685152751
79,saipan,15.1355,145.701,30.39,100,20,8.23,MP,1685152726
80,buarcos,40.166,-8.8768,14.26,91,4,3.78,PT,1685152752
81,zhigalovo,54.8097,105.1578,11.55,57,100,0.68,RU,1685152752
82,bukama,-9.2,25.85,18.57,54,100,1.49,CD,1685152753
83,conception bay south,47.4999,-52.9981,7.53,96,100,5.56,CA,1685152609
84,illizi,26.4833,8.4667,23.89,30,55,2.64,DZ,1685152754
85,praia da vitoria,38.7333,-27.0667,18.14,82,75,6.06,PT,1685152755
86,camacupa,-12.0167,17.4833,18.75,62,93,1.42,AO,1685152757
87,eastham,41.8301,-69.9739,11.99,83,6,1.34,US,1685152758
88,strezhevoy,60.7333,77.5889,14.6,41,0,2.15,RU,1685152758
89,wailua homesteads,22.0669,-159.378,27.24,67,75,6.17,US,1685152760
90,newman,37.3138,-121.0208,26.13,50,0,2.24,US,1685152761
91,bredasdorp,-34.5322,20.0403,8.23,73,2,2.24,ZA,1685152761
92,bethel,41.3712,-73.414,15.83,63,0,2.06,US,1685152561
93,puerto natales,-51.7236,-72.4875,1.66,82,9,4.32,CL,1685152762
94,gela,37.0803,14.2307,19.77,71,63,2.49,IT,1685152763
95,kittila,67.6647,24.8936,3.08,56,0,4.63,FI,1685152763
96,parras de la fuente,25.4167,-102.1833,22.25,55,52,6.28,MX,1685152765
97,bechem,7.0903,-2.025,22.76,99,78,1.05,GH,1685152765
98,sukhinichi,54.0999,35.3425,12.02,94,80,2.68,RU,1685152765
99,rio grande,-32.035,-52.0986,18.3,94,100,3.46,BR,1685152766
100,tralee,52.2704,-9.7026,12.35,94,46,0.56,IE,1685152767
101,tiksi,71.6872,128.8694,1.38,99,100,3.71,RU,1685152768
102,cabo san lucas,22.8909,-109.9124,29.23,59,75,2.57,MX,1685152531
103,edinburgh of the seven seas,-37.0676,-12.3116,12.66,61,100,11.78,SH,1685152769
104,chibougamau,49.9168,-74.3659,11.79,54,100,2.06,CA,1685152769
105,ust-nera,64.5667,143.2,8.27,50,18,1.78,RU,1685152770
106,ath thawrah,35.8469,38.5443,20.22,45,84,3.58,SY,1685152771
107,nadym,65.5333,72.5167,16.85,62,77,10.27,RU,1685152772
108,borkum,53.5809,6.6915,10.97,80,31,5.15,DE,1685152772
109,jaroslaw,50.0162,22.6778,11.95,94,81,3.59,PL,1685152773
110,iqaluit,63.7506,-68.5145,-7.15,73,40,10.29,CA,1685152773
111,el granada,37.5027,-122.4694,19.48,75,100,6.17,US,1685152774
112,hawaiian paradise park,19.5933,-154.9731,24.73,82,75,2.06,US,1685152774
113,pisco,-13.7,-76.2167,20.03,83,100,4.63,PE,1685152715
114,shingu,33.7333,135.9833,21.41,69,100,2.42,JP,1685152776
115,hafar al-batin,28.4328,45.9708,29.32,34,0,3.09,SA,1685152776
116,moranbah,-22.0016,148.0466,19.81,36,0,3.64,AU,1685152777
117,revda,56.801,59.9303,18.56,55,100,0.96,RU,1685152777
118,margaret river,-33.95,115.0667,15.64,60,61,1.63,AU,1685152777
119,margate,51.3813,1.3862,11.5,82,17,3.13,GB,1685152677
120,nuuk,64.1835,-51.7216,1.61,75,100,15.33,GL,1685152778
121,luderitz,-26.6481,15.1594,11.93,60,5,3.93,NA,1685152779
122,capao da canoa,-29.7456,-50.0097,21.03,73,78,2.83,BR,1685152779
123,bodo,67.28,14.405,3.76,89,75,5.66,NO,1685152780
124,thompson,55.7435,-97.8558,6.09,100,100,2.57,CA,1685152493
125,utrik,11.2278,169.8474,27.24,73,100,7.15,MH,1685152781
126,klaksvik,62.2266,-6.589,9.51,92,100,14.37,FO,1685152781
127,udachny,66.4167,112.4,5.25,75,100,5.05,RU,1685152782
128,port lincoln,-34.7333,135.8667,16.26,57,31,7.44,AU,1685152330
129,olonkinbyen,70.9221,-8.7187,0.41,87,100,6.88,SJ,1685152783
130,ribeira grande,38.5167,-28.7,17.1,81,98,4.47,PT,1685152784
131,mbandaka,0.0487,18.2603,21.81,97,100,0.9,CD,1685152784
132,leua,48.2156,18.6071,12.81,90,72,2.1,SK,1685152785
133,afaahiti,-17.75,-149.2833,28.93,77,63,6.5,PF,1685152785
134,geraldton,-28.7667,114.6,14.23,51,100,4.12,AU,1685152786
135,lompoc,34.6391,-120.4579,18.08,74,75,4.12,US,1685152786
136,sabang,5.8933,95.3214,28.5,74,39,7.82,ID,1685152787
137,le port,-20.9373,55.2919,22.0,92,96,1.96,RE,1685152787
138,tahe,52.3333,124.7333,4.59,98,100,3.18,CN,1685152788
139,lebu,-37.6167,-73.65,8.73,77,94,4.47,CL,1685152788
140,laibin,23.7,109.2667,29.14,72,48,5.65,CN,1685152788
141,broome,42.2506,-75.833,10.74,66,0,0.45,US,1685152789
142,jilin,43.0,126.0,21.56,51,100,5.4,CN,1685152789
143,georgetown,5.4112,100.3354,28.3,80,20,2.06,MY,1685152709
144,san pedro pochutla,15.7333,-96.4667,28.17,78,99,1.46,MX,1685152790
145,punta arenas,-53.15,-70.9167,3.06,70,40,6.69,CL,1685152493
146,hotan,37.0997,79.9269,18.26,39,100,3.31,CN,1685152791
147,vila franca do campo,37.7167,-25.4333,17.23,82,100,3.77,PT,1685152791
148,gubkinskiy,64.434,76.5026,15.25,44,1,7.36,RU,1685152792
149,lianga,8.6336,126.0947,28.13,77,99,2.22,PH,1685152792
150,dalhart,36.0595,-102.5133,21.01,68,100,7.2,US,1685152623
151,gribanovskiy,51.4579,41.9764,14.71,95,8,2.29,RU,1685152793
152,chonchi,-42.6128,-73.8092,0.56,87,4,0.96,CL,1685152793
153,nelson bay,-32.7167,152.15,16.67,64,2,4.47,AU,1685152793
154,verkhnyaya sinyachikha,57.976,61.6673,19.14,57,100,1.43,RU,1685152794
155,touros,-5.1989,-35.4608,26.03,83,100,5.3,BR,1685152794
156,klyuchi,52.2667,79.1667,12.05,38,100,4.66,RU,1685152794
157,howard springs,-12.497,131.047,28.79,32,5,5.63,AU,1685152795
158,dompu,-8.5356,118.4622,27.79,64,96,2.87,ID,1685152795
159,an nimas,19.1455,42.1201,17.31,48,12,2.08,SA,1685152795
160,perry,37.2506,-83.1999,22.1,70,100,1.7,US,1685152795
161,ola,59.5833,151.2833,16.19,72,36,1.35,RU,1685152796
162,worland,44.0169,-107.9554,13.64,82,20,4.12,US,1685152590
163,mount gambier,-37.8333,140.7667,12.91,68,100,4.91,AU,1685152572
164,kansanshi,-12.0951,26.4273,10.51,62,2,1.79,ZM,1685152796
165,baotou,40.6522,109.8222,18.97,49,82,4.56,CN,1685152797
166,codrington,-38.2667,141.9667,13.06,67,100,6.1,AU,1685152797
167,san luis de la loma,17.2706,-100.8939,28.27,71,2,0.96,MX,1685152797
168,nogliki,51.8333,143.1667,8.64,78,100,1.9,RU,1685152797
169,kayyerkan,69.3786,87.7439,4.61,75,21,4.08,RU,1685152798
170,gereida,11.2811,25.1414,29.95,47,58,1.05,SD,1685152798
171,hengchun,22.0042,120.7439,26.28,74,100,7.28,TW,1685152798
172,ebon,4.582,168.6964,27.76,77,84,5.92,MH,1685152798
173,kuta,-8.7233,115.1723,27.97,74,20,4.63,ID,1685152544
174,monterey,36.2505,-121.2516,15.65,1,0,4.57,US,1685152799
175,mugia,43.1041,-9.2179,15.51,89,79,2.75,ES,1685152799
176,utete,-7.986,38.758,20.19,96,88,0.56,TZ,1685152800
177,linxia chengguanzhen,35.6003,103.2064,16.14,62,100,0.72,CN,1685152800
178,walvis bay,-22.9575,14.5053,12.27,93,36,3.6,NA,1685152805
179,flying fish cove,-10.4217,105.6791,26.82,83,100,5.14,CX,1685152817
180,hamilton,39.1834,-84.5333,19.69,43,0,1.54,US,1685152633
181,zhaqsy,51.9083,67.3133,15.12,38,0,2.99,KZ,1685152824
182,kone,-21.0595,164.8658,23.28,67,67,3.04,NC,1685152827
183,whangarei,-35.7317,174.3239,17.63,78,100,3.45,NZ,1685152829
184,borba,-4.3878,-59.5939,24.23,94,62,0.31,BR,1685152834
185,nowogard,53.6744,15.1163,7.44,87,0,1.03,PL,1685152835
186,gadzhiyevo,69.2551,33.3362,4.58,63,92,8.63,RU,1685152836
187,luau,-10.7073,22.2247,16.28,52,10,1.9,AO,1685152837
188,zarumilla,-3.5031,-80.2731,27.1,78,75,2.06,PE,1685152838
189,kodiak,57.79,-152.4072,6.73,93,100,7.2,US,1685152839
190,zimovniki,47.1483,42.4633,16.64,97,100,2.9,RU,1685152839
191,safotu,-13.4513,-172.4018,27.41,85,61,3.21,WS,1685152840
192,ivanivka,46.7208,34.553,14.95,90,99,1.88,UA,1685152842
193,fort st. john,56.2499,-120.8529,24.94,33,40,5.14,CA,1685152637
194,awjilah,29.1081,21.2869,19.46,73,0,5.77,LY,1685152843
195,dankov,53.2515,39.1555,14.0,83,20,2.42,RU,1685152844
196,veshenskaya,49.6303,41.7334,17.05,91,100,2.13,RU,1685152844
197,malabar,-33.9667,151.25,17.79,48,20,4.12,AU,1685152845
198,shimoda,34.6667,138.95,22.84,64,100,2.9,JP,1685152846
199,tura,25.5198,90.2201,25.56,80,2,2.0,IN,1685152847
200,isafjordur,66.0755,-23.124,1.85,98,100,8.66,IS,1685152839
201,ust'-ordynskiy,52.805,104.7508,9.49,61,34,1.15,RU,1685152849
202,takoradi,4.8845,-1.7554,26.15,89,100,3.2,GH,1685152852
203,mosjoen,65.836,13.1908,2.59,93,100,2.68,NO,1685152853
204,hibbing,47.4272,-92.9377,22.68,75,8,3.09,US,1685152853
205,cedral,23.8,-100.7333,21.84,60,49,9.22,MX,1685152854
206,levuka,50.1834,-105.4011,16.84,77,40,3.6,CA,1685152856
207,mandera,3.9366,41.867,24.48,71,67,6.35,KE,1685152857
208,cill airne,52.05,-9.5167,13.51,94,88,0.47,IE,1685152857
209,burabay,53.0838,70.3138,14.59,38,55,0.92,KZ,1685152858
210,berezovyy,51.6667,135.7,16.98,43,51,1.18,RU,1685152858
211,mana,5.6592,-53.7767,25.28,92,100,3.09,GF,1685152858
212,as sulayyil,20.4607,45.5779,28.14,24,99,3.42,SA,1685152859
213,cockburn town,21.4612,-71.1419,27.52,81,0,3.34,TC,1685152859
214,colonia,50.9333,6.95,10.53,80,0,1.03,DE,1685152802
215,tam ky,15.5667,108.4833,30.29,65,7,1.32,VN,1685152860
216,olyokminsk,60.3736,120.4264,13.46,27,2,3.8,RU,1685152860
217,ulsteinvik,62.3432,5.8487,10.17,74,100,4.47,NO,1685152860
218,tinajo,29.0788,-13.7081,17.49,72,0,1.54,ES,1685152861
219,abu jibeha,11.4562,31.2285,30.26,44,96,3.48,SD,1685152862
220,victoria point,-27.5833,153.3,23.71,52,71,1.34,AU,1685152863
221,khorugh,37.4897,71.553,8.57,59,0,0.33,TJ,1685152864
222,oranjemund,-28.55,16.4333,12.73,54,0,2.13,NA,1685152866
223,qaqortoq,60.7167,-46.0333,0.37,89,93,1.54,GL,1685152867
224,les cayes,18.2,-73.75,25.77,87,1,1.34,HT,1685152869
225,hopelchen,19.7667,-89.85,26.06,61,0,2.27,MX,1685152870
226,saudarkrokur,65.7461,-19.6394,3.51,99,100,3.34,IS,1685152871
227,arraial do cabo,-22.9661,-42.0278,20.98,88,0,3.09,BR,1685152872
228,arar,30.9753,41.0381,22.01,12,20,3.6,SA,1685152852
229,cabedelo,-6.9811,-34.8339,25.37,81,100,4.76,BR,1685152875
230,great torrington,50.9531,-4.144,10.69,83,15,2.8,GB,1685152875
231,poronaysk,49.2167,143.1167,16.88,58,100,3.79,RU,1685152883
232,magadan,59.5667,150.8,15.85,70,21,1.47,RU,1685152884
233,sokhumi,43.0033,41.0153,15.55,81,8,1.74,GE,1685152885
234,kalymnos,36.95,26.9833,20.74,64,40,3.09,GR,1685152887
235,mount pearl,47.5166,-52.7813,7.19,97,100,6.17,CA,1685152888
236,aioun,16.6614,-9.6149,31.08,31,34,8.23,MR,1685152889
237,papatowai,-46.5619,169.4708,9.9,91,100,1.78,NZ,1685152891
238,batticaloa,7.7102,81.6924,28.16,76,14,2.0,LK,1685152892
239,dunedin,-45.8742,170.5036,13.11,62,30,1.87,NZ,1685152650
240,chumphon,10.3333,98.8333,28.54,65,86,3.66,TH,1685152895
241,pandan,14.0453,124.1694,28.49,72,100,5.96,PH,1685152895
242,siquirres,10.0975,-83.5066,25.15,95,100,1.24,CR,1685152897
243,lensk,60.7253,114.9278,14.05,29,9,3.32,RU,1685152898
244,archangelos,36.2149,28.1149,20.17,88,73,3.12,GR,1685152898
245,san mariano,7.5,126.0,28.8,69,100,2.54,PH,1685152899
246,zuunmod,47.7069,106.9528,9.57,42,96,7.42,MN,1685152899
247,shakawe,-18.3667,21.85,14.69,42,0,2.71,BW,1685152900
248,basoko,1.2391,23.616,22.46,95,100,0.74,CD,1685152901
249,phumi veal sre,10.9808,104.7783,31.36,58,77,3.65,KH,1685152902
250,basseterre,17.2948,-62.7261,27.21,82,40,5.14,KN,1685152869
251,gaziantep,37.0594,37.3825,10.96,82,0,0.0,TR,1685152903
252,hammerfest,70.6634,23.6821,1.25,86,75,10.8,NO,1685152904
253,talnakh,69.4865,88.3972,4.56,86,28,4.57,RU,1685152904
254,kulhudhuffushi,6.6221,73.07,29.36,73,58,4.99,MV,1685152905
255,shetpe,44.1667,52.1167,23.57,25,100,5.76,KZ,1685152905
256,tanumah,27.1,44.1333,27.9,23,45,3.52,SA,1685152906
257,vadso,70.0744,29.7487,4.09,70,20,10.8,NO,1685152907
258,thunder bay,48.4001,-89.3168,16.99,45,40,3.6,CA,1685152845
259,manakara,-22.1333,48.0167,19.5,93,81,1.39,MG,1685152908
260,sungai raya,0.7,108.9,28.52,79,100,2.14,ID,1685152909
261,yigo village,13.5361,144.8886,29.16,89,75,4.63,GU,1685152909
262,kijang,35.2442,129.2139,22.85,77,99,3.9,KR,1685152909
263,jijiga,9.35,42.8,16.74,94,40,3.73,ET,1685152910
264,iwanai,42.9744,140.5089,21.37,48,2,3.86,JP,1685152910
265,huarmey,-10.0681,-78.1522,22.52,82,79,4.83,PE,1685152912
266,hirara,24.8,125.2833,27.92,78,40,6.69,JP,1685152913
267,kalmunai,7.4167,81.8167,28.68,76,5,1.48,LK,1685152913
268,inongo,-1.95,18.2667,21.23,98,100,0.86,CD,1685152914
269,greymouth,-42.4667,171.2,14.01,89,100,2.32,NZ,1685152914
270,yuzhno-kurilsk,44.0306,145.8556,13.27,83,93,5.09,RU,1685152914
271,kapuskasing,49.4169,-82.4331,24.05,33,20,3.6,CA,1685152915
272,upata,8.0086,-62.3989,24.55,93,100,1.49,VE,1685152916
273,san clemente del tuyu,-36.3569,-56.7235,9.43,71,0,4.25,AR,1685152916
274,westport,41.1415,-73.3579,16.59,57,1,0.89,US,1685152661
275,lauro de freitas,-12.8944,-38.3272,26.01,83,75,4.63,BR,1685152917
276,ekuvukeni,-28.4675,30.1551,10.29,76,98,0.19,ZA,1685152917
277,tazovsky,67.4667,78.7,10.43,61,94,7.59,RU,1685152918
278,senillosa,-39.0,-68.4167,8.88,43,1,7.44,AR,1685152918
279,musoma,-1.5,33.8,23.01,60,40,0.0,TZ,1685152919
280,qui nhon,13.7667,109.2333,29.95,65,14,0.9,VN,1685152919
281,nemuro,43.3236,145.575,11.98,86,75,8.18,JP,1685152920
282,katabu,-4.9333,122.5167,28.89,65,89,2.64,ID,1685152920
283,wuyang,31.9925,116.2472,28.33,70,34,3.02,CN,1685152921
284,richards bay,-28.783,32.0377,17.14,66,100,1.85,ZA,1685152922
285,iskateley,67.6803,53.1512,8.82,56,0,6.45,RU,1685152924
286,trinidad,-14.8333,-64.9,24.01,87,13,1.67,BO,1685152928
287,karoi,-16.8099,29.6925,13.41,80,0,2.25,ZW,1685152929
288,nova sintra,14.8667,-24.7167,20.79,85,100,7.77,CV,1685152930
289,bathsheba,13.2167,-59.5167,26.34,89,75,6.17,BB,1685152932
290,fale old settlement,-9.3852,-171.2468,28.42,73,93,2.68,TK,1685152934
291,timaru,-44.4,171.25,15.6,60,90,1.34,NZ,1685152935
292,trairi,-3.2778,-39.2689,25.06,90,14,3.17,BR,1685152937
293,port alfred,-33.5906,26.891,12.81,60,0,3.83,ZA,1685152937
294,labrador city,52.9463,-66.9114,10.95,46,100,2.06,CA,1685152938
295,saranac lake,44.3295,-74.1313,9.53,64,3,0.96,US,1685152842
296,aghajari,30.7006,49.8315,30.93,24,2,3.27,IR,1685152940
297,mil'kovo,55.6078,37.7956,15.23,86,49,2.17,RU,1685152940
298,castillos,-34.1667,-53.8333,15.89,96,24,4.15,UY,1685152941
299,enewetak,11.3474,162.3373,28.06,75,100,7.1,MH,1685152942
300,xinmin,41.9908,122.8253,21.62,57,100,6.45,CN,1685152944
301,port douglas,-16.4833,145.4667,24.12,62,52,2.74,AU,1685152946
302,turpan,42.9333,89.1667,26.8,19,100,1.2,CN,1685152947
303,yerofey pavlovich,53.9667,121.9667,5.66,91,100,3.14,RU,1685152948
304,penzance,50.1186,-5.5371,10.38,80,3,6.44,GB,1685152950
305,duisburg,51.4333,6.75,10.04,78,0,3.09,DE,1685152926
306,omdurman,15.6445,32.4777,32.71,24,1,2.97,SD,1685152951
307,turkmenbasy,40.0222,52.9552,19.43,82,0,4.12,TM,1685152952
308,ambovombe,-25.1667,46.0833,18.33,79,3,2.38,MG,1685152953
309,nyakahanga,-1.6033,31.1414,14.44,92,100,1.63,TZ,1685152954
310,egilsstadir,65.2653,-14.3948,6.95,61,0,6.69,IS,1685152954
311,misratah,32.3754,15.0925,19.35,77,6,6.99,LY,1685152955
312,minas de marcona,-15.2119,-75.1103,14.41,88,100,5.96,PE,1685152956
313,chivhu,-19.0211,30.8922,10.55,57,0,1.74,ZW,1685152957
314,aver-o-mar,41.4078,-8.7812,17.31,72,0,3.6,PT,1685152958
315,koundara,12.4833,-13.3,28.07,72,100,3.72,GN,1685152960
316,hohhot,40.8106,111.6522,18.84,48,20,3.0,CN,1685152960
317,ta`u,-14.2336,-169.5144,28.13,75,82,6.07,AS,1685152961
318,guerrero negro,27.9769,-114.0611,16.61,74,16,9.28,MX,1685152962
319,kristiansund,63.1115,7.732,7.36,81,100,2.06,NO,1685152963
320,tromso,69.6496,18.957,2.01,64,75,9.26,NO,1685152965
321,veraval,20.9,70.3667,28.49,78,4,7.65,IN,1685152965
322,sisimiut,66.9395,-53.6735,1.29,76,100,16.34,GL,1685152966
323,luanda,-8.8368,13.2343,25.0,83,75,1.54,AO,1685152436
324,necochea,-38.5473,-58.7368,11.12,71,80,5.4,AR,1685152967
325,corozal,9.3151,-75.2928,24.45,93,79,2.45,CO,1685152970
326,letlhakeng,-24.0944,25.0298,14.71,36,100,1.26,BW,1685152971
327,adrar,20.5022,-10.0711,24.25,59,100,6.91,MR,1685152971
328,laascaanood,8.4774,47.3597,23.3,77,74,9.69,SO,1685152972
329,oruro,-17.9833,-67.15,8.14,25,93,1.92,BO,1685152690
330,asosa,10.0667,34.5333,20.33,68,100,1.6,ET,1685152973
331,kindu,-2.95,25.95,21.29,92,100,0.49,CD,1685152973
332,piacabucu,-10.4056,-36.4344,24.11,88,33,1.83,BR,1685152973
333,bardai,11.65,7.2333,25.39,71,100,5.08,NG,1685152974
334,honggang,46.4667,124.8667,22.56,12,84,6.15,CN,1685152974
335,saint-joseph,-21.3667,55.6167,21.21,84,100,4.41,RE,1685152975
336,canutama,-6.5339,-64.3831,23.58,97,100,0.42,BR,1685152975
337,taltal,-25.4,-70.4833,18.75,63,99,2.64,CL,1685152876
338,mthatha,-31.5889,28.7844,6.73,65,74,2.14,ZA,1685152976
339,nerchinsk,51.9833,116.5833,11.57,44,100,6.24,RU,1685152977
340,nizhniy ingash,56.2,96.53,11.08,72,100,2.48,RU,1685152977
341,barcelos,41.5388,-8.6151,17.08,93,86,1.13,PT,1685152977
342,port elizabeth,-33.918,25.5701,7.16,87,0,1.03,ZA,1685152978
343,chorozinho,-4.3003,-38.4978,23.2,93,76,0.78,BR,1685152978
344,menongue,-14.6585,17.691,20.49,48,100,2.14,AO,1685152979
345,igarka,67.4667,86.5833,10.07,66,9,5.33,RU,1685152979
346,limerick,52.6647,-8.6231,11.97,93,15,0.66,IE,1685152980
347,saint john,45.2727,-66.0677,9.0,93,40,1.54,CA,1685152980
348,aykhal,66.0,111.5,2.63,96,100,3.38,RU,1685152980
349,peniche,39.3558,-9.3811,16.27,89,100,3.09,PT,1685152980
350,chuguyevka,44.1653,133.8633,21.96,46,100,3.49,RU,1685152981
351,volodymyr-volynskyi,50.8525,24.3236,9.54,93,4,4.54,UA,1685152981
352,savanna-la-mar,18.219,-78.1332,28.97,86,2,1.1,JM,1685152983
353,metlili chaamba,32.2667,3.6333,21.52,33,0,4.12,DZ,1685152984
354,sipalay,9.75,122.5,29.22,70,100,3.54,PH,1685152985
355,axim,4.8699,-2.2405,26.35,89,89,3.14,GH,1685152985
356,lospalos,-8.5186,127.0025,25.23,60,7,5.26,TL,1685152986
357,san borja,-14.8167,-66.85,24.18,87,39,1.29,BO,1685152990
358,kapit,2.0167,112.9333,30.7,67,80,0.33,MY,1685152990
359,phan rang-thap cham,11.5667,108.9833,30.58,61,66,1.57,VN,1685152991
360,paso de los libres,-29.7131,-57.0899,20.02,94,75,0.0,AR,1685152884
361,mariental,-24.6333,17.9667,11.91,44,95,3.89,NA,1685152993
362,mangrol,21.1167,70.1167,28.23,80,1,7.74,IN,1685152994
363,yazihan,38.5947,38.18,9.15,100,40,3.09,TR,1685152995
364,sorong,-0.8833,131.25,29.41,61,31,8.11,ID,1685152780
365,strelka,58.0728,93.0344,13.74,44,12,2.82,RU,1685152998
366,bereznik,62.8551,42.7072,9.52,75,83,1.28,RU,1685152999
367,hadibu,12.65,54.0333,29.48,72,64,3.29,YE,1685153000
368,wucheng,29.6008,118.175,25.9,90,100,1.08,CN,1685153000
369,valparaiso,-33.0393,-71.6273,15.8,57,75,2.06,CL,1685152988
370,zhaotong,27.3167,103.7167,21.33,56,5,2.26,CN,1685153003
371,altamont,42.2068,-121.7372,21.89,30,0,7.2,US,1685153004
372,mili,6.0815,171.735,27.09,81,100,6.27,MH,1685153005
373,honefoss,60.168,10.2565,7.74,74,84,0.89,NO,1685153005
374,kismayo,-0.3582,42.5454,26.15,75,78,5.46,SO,1685153007
375,severo-yeniseyskiy,60.3725,93.0408,6.78,64,100,1.95,RU,1685153009
376,lijiang,26.8688,100.2207,18.76,60,50,2.24,CN,1685153010
377,harihar,14.5167,75.8,25.13,73,62,5.03,IN,1685153010
378,banda aceh,5.5577,95.3222,28.99,70,42,5.65,ID,1685153011
379,katsuura,35.1333,140.3,20.92,60,100,3.53,JP,1685153012
380,kokopo,-4.352,152.2633,28.95,69,97,3.82,PG,1685153013
381,afsin,38.2477,36.914,12.63,64,96,0.91,TR,1685153014
382,pimenta bueno,-11.6725,-61.1936,23.53,88,93,0.28,BR,1685153015
383,serchhip,23.3,92.8333,23.33,75,6,0.08,IN,1685153016
384,bra,44.703,7.8556,17.97,74,9,1.53,IT,1685153017
385,chulakkurgan,43.765,69.1814,21.01,32,1,0.76,KZ,1685153017
386,urangan,-25.3,152.9,19.05,51,0,3.67,AU,1685153018
387,yemva,62.59,50.8594,13.02,91,70,2.32,RU,1685153020
388,wynyard,-41.0,145.7167,12.21,76,100,5.79,AU,1685153020
389,san angelo,31.4638,-100.437,25.16,67,100,2.24,US,1685152736
390,cole harbour,44.6724,-63.4751,7.77,84,100,4.12,CA,1685153022
391,madalena,41.2162,-8.3345,16.32,85,32,1.76,PT,1685153023
392,las tablas,7.7667,-80.2833,25.65,99,91,1.46,PA,1685153024
393,pacific grove,36.6177,-121.9166,15.69,79,5,1.79,US,1685152850
394,kanniyakumari,8.0833,77.5667,28.46,75,21,7.2,IN,1685153025
395,selfoss,63.9331,-20.9971,4.47,90,100,17.88,IS,1685153026
396,barra de santo antonio,-9.4047,-35.5072,23.6,84,5,3.9,BR,1685153027
397,namibe,-15.1961,12.1522,19.29,79,0,2.41,AO,1685153027
398,isangel,-19.55,169.2667,28.06,54,40,1.54,VU,1685153028
399,vilyuchinsk,52.9306,158.4028,18.15,61,100,0.45,RU,1685153029
400,kalamata,37.0389,22.1142,19.5,70,20,2.06,GR,1685153030
401,bel ombre,-4.6167,55.4167,27.91,69,75,8.23,SC,1685153031
402,village of campton hills,41.9366,-88.3975,16.03,40,0,3.6,US,1685153031
403,mar del plata,-38.0023,-57.5575,12.01,70,0,4.12,AR,1685152697
404,kouango,4.9934,19.9619,23.1,95,99,1.57,CF,1685153034
405,bailesti,44.0167,23.35,13.95,90,24,0.37,RO,1685153034
406,borrazopolis,-23.9411,-51.5875,16.57,83,100,1.64,BR,1685153034
407,faya-largeau,17.9257,19.1043,33.57,12,0,2.54,TD,1685153035
408,coahuayana de hidalgo,18.7,-103.6583,25.79,81,2,1.36,MX,1685153035
409,i-n-salah,27.1935,2.4607,27.48,17,58,4.35,DZ,1685153036
410,chabahar,25.2919,60.643,30.64,65,11,3.79,IR,1685153036
411,'ain el hadjar,34.7585,0.1453,19.63,43,21,10.92,DZ,1685153037
412,mercedes,-34.6515,-59.4307,13.25,75,14,3.96,AR,1685153037
413,la'ie,21.6477,-157.9253,27.78,64,14,4.02,US,1685153038
414,timbuktu,16.7735,-3.0074,31.3,17,95,8.19,ML,1685153038
415,darwin,-12.4611,130.8418,29.38,39,0,6.17,AU,1685152954
416,la passe,45.5549,-0.8967,18.13,94,1,3.91,FR,1685153039
417,fortuna,40.5982,-124.1573,12.74,92,100,5.14,US,1685153039
418,cidreira,-30.1811,-50.2056,21.15,78,86,3.48,BR,1685153040
419,acarau,-2.8856,-40.12,25.73,85,66,4.65,BR,1685153040
420,fada,9.5667,8.3,21.01,92,67,1.17,NG,1685153040
421,hithadhoo,-0.6,73.0833,28.07,77,90,4.11,MV,1685153041
422,san antonio de pale,-1.4014,5.6325,26.03,83,99,7.17,GQ,1685152880
423,heerenveen,52.95,5.9333,8.88,93,15,2.68,NL,1685153041
424,montecristo,8.2971,-74.4733,24.76,98,99,0.33,CO,1685153042
425,kyshtovka,56.555,76.6271,13.41,46,49,2.89,RU,1685153043
426,santa rita do sapucai,-22.2522,-45.7033,16.16,89,17,0.67,BR,1685153044
427,catriel,-37.8791,-67.7956,8.48,38,16,11.35,AR,1685153047
428,cofradia,15.4,-88.15,28.29,69,100,0.41,HN,1685153048
429,fernie,49.5,-115.0687,18.05,62,81,0.4,CA,1685152871
430,jackson,42.4165,-122.8345,26.53,34,99,4.53,US,1685152833
431,swan hill,-35.3378,143.5544,13.04,71,100,3.78,AU,1685153049
432,malango,-2.9627,119.9001,26.41,66,49,1.28,ID,1685153050
433,fiambala,-27.6871,-67.6149,17.37,38,100,0.6,AR,1685153050
434,macon,39.8667,-88.9668,19.92,41,0,4.63,US,1685153051
435,callao,-12.0667,-77.15,22.16,73,75,7.2,PE,1685153052
436,antsiranana,-12.2787,49.2917,23.54,81,5,6.83,MG,1685153052
437,ceelbuur,4.685,46.6176,24.74,83,55,5.36,SO,1685153053
438,dudinka,69.4058,86.1778,4.79,78,31,8.09,RU,1685153054
439,zheleznodorozhnyy,55.7503,38.0042,15.24,85,40,2.02,RU,1685153055
440,mossel bay,-34.1831,22.146,6.96,53,0,2.79,ZA,1685153055
441,muroto-misakicho,33.2833,134.15,20.66,78,100,3.41,JP,1685153056
442,susuman,62.7833,148.1667,7.3,47,40,3.75,RU,1685153061
443,taro,-8.3862,115.28,24.0,62,67,2.3,ID,1685153061
444,laguna,38.421,-121.4238,25.25,60,0,5.66,US,1685153062
445,san patricio,28.017,-97.5169,27.13,67,67,4.3,US,1685153062
446,luchegorsk,46.4764,134.2569,20.67,40,100,7.42,RU,1685153063
447,enola,40.2901,-76.9339,15.57,64,0,2.06,US,1685153064
448,mvomero,-6.25,38.6667,20.11,98,84,1.64,TZ,1685153066
449,the pas,53.8251,-101.2541,9.01,100,100,2.06,CA,1685153066
450,tavda,58.0425,65.2726,17.92,55,90,2.64,RU,1685153066
451,bissau,11.8636,-15.5977,26.85,84,100,2.73,GW,1685153067
452,chernomorskoye,45.5039,32.6997,16.24,90,4,3.52,UA,1685153067
453,coyhaique,-45.5752,-72.0662,0.34,69,0,1.54,CL,1685153068
454,lazaro cardenas,17.9583,-102.2,27.83,75,47,1.92,MX,1685153069
455,mahanje,-9.9333,35.3333,13.13,94,8,1.02,TZ,1685153070
456,mochudi,-24.4167,26.15,15.93,34,100,0.78,BW,1685153071
457,muisne,0.6,-80.0333,26.25,84,70,0.58,EC,1685153072
458,santa cruz,-17.8,-63.1667,24.7,88,91,5.14,BO,1685152810
459,dubbo,-32.25,148.6167,12.07,62,75,3.6,AU,1685152879
460,san miguel,13.4833,-88.1833,24.82,87,100,1.02,SV,1685153074
461,camana,-16.6228,-72.7111,19.2,85,96,2.5,PE,1685153075
462,harstad,68.799,16.5293,2.66,98,87,4.92,NO,1685153076
463,chimoio,-19.1164,33.4833,16.92,94,0,0.46,MZ,1685153076
464,port augusta,-32.5,137.7667,15.22,56,99,4.02,AU,1685153077
465,la ronge,55.1001,-105.2842,16.14,63,75,2.57,CA,1685153077
466,mulino,56.2892,42.9201,13.54,89,66,1.27,RU,1685153078
467,port blair,11.6667,92.75,30.02,74,40,3.09,IN,1685152832
468,duyun,26.2667,107.5167,23.32,84,99,5.12,CN,1685153079
469,spanish wells,26.323,-81.7957,22.76,91,0,3.6,US,1685153080
470,novo aripuana,-5.1206,-60.3797,25.11,88,67,0.94,BR,1685153082
471,sao felix do xingu,-6.6447,-51.995,22.08,88,6,0.97,BR,1685153083
472,coihueco,-36.6167,-71.8333,7.41,87,40,1.54,CL,1685152836
473,lagoa,39.05,-27.9833,16.8,72,100,7.38,PT,1685153085
474,novyy urgal,51.0736,132.5642,16.0,29,81,7.82,RU,1685153086
475,sangkhla buri,15.1555,98.4536,29.18,64,69,1.25,TH,1685153087
476,haiku-pauwela,20.9219,-156.3051,26.01,69,40,8.75,US,1685153088
477,timimoun,29.2639,0.231,25.21,12,0,3.09,DZ,1685153089
478,coquimbo,-29.9533,-71.3436,14.85,77,0,2.57,CL,1685152963
479,makarov,48.6333,142.8,13.53,72,99,4.23,RU,1685153091
480,toulepleu guere,6.574,-8.4259,22.58,99,100,1.37,CI,1685153092
481,nadi,-17.8,177.4167,28.0,39,20,3.6,FJ,1685153092
482,san felice circeo,41.2372,13.0942,20.51,81,32,3.01,IT,1685153092
483,khosta,43.5147,39.8689,15.03,100,75,2.0,RU,1685152928
484,vernon,50.2581,-119.2691,27.01,31,9,0.51,CA,1685152897
485,shahr-e kord,32.3256,50.8644,15.32,52,13,0.32,IR,1685153094
486,gornozavodsk,58.3758,58.3211,17.9,63,100,1.2,RU,1685153095
487,tshabong,-26.05,22.45,11.12,24,100,3.22,BW,1685153095
488,tofol,5.3248,163.0078,27.27,81,100,7.4,FM,1685153096
489,crane,31.3974,-102.3501,23.05,71,99,7.4,US,1685153096
490,dazhong,33.1997,120.4578,25.08,82,99,6.99,CN,1685153097
491,ljungsbro,58.5167,15.5,4.16,78,84,2.06,SE,1685153097
492,aras-asan,8.8908,126.3033,29.67,66,97,2.31,PH,1685153097
493,kalaleh,37.3807,55.4916,23.93,52,28,0.97,IR,1685153098
494,nguigmi,14.2495,13.1092,30.18,26,83,0.56,NE,1685153098
495,hasaki,35.7333,140.8333,26.27,60,100,4.95,JP,1685153098
496,champerico,14.3,-91.9167,28.63,72,14,2.27,GT,1685153098
497,kavaratti,10.5669,72.642,29.52,73,4,4.54,IN,1685153099
498,weno,7.4515,151.8468,29.97,74,100,2.06,FM,1685153099
499,timmins,48.4669,-81.3331,21.9,21,20,2.06,CA,1685152941
500,sinabang,2.4803,96.3801,27.59,80,93,2.59,ID,1685153105
501,kirakira,-10.4544,161.9205,27.62,83,63,2.21,SB,1685153106
502,mions,45.6643,4.9499,17.17,77,0,2.06,FR,1685153108
503,east ballina,-28.8667,153.5833,19.89,60,86,7.03,AU,1685153109
504,sokoni,-6.4333,39.55,26.49,68,63,7.1,TZ,1685153110
505,luganville,-15.5333,167.1667,26.99,53,7,2.44,VU,1685153111
506,puerto deseado,-47.7503,-65.8938,4.68,54,70,13.86,AR,1685153114
507,zhalantun,48.0,122.7167,19.93,17,2,9.91,CN,1685153114
508,portland,45.5234,-122.6762,28.33,49,73,0.89,US,1685152645
509,kirensk,57.7853,108.1119,13.37,50,54,2.29,RU,1685153117
510,khandyga,62.6667,135.6,11.15,42,97,2.0,RU,1685153117
511,amethi,26.15,81.8167,27.73,50,0,2.13,IN,1685153118
512,luwuk,-0.9516,122.7875,29.08,68,45,2.92,ID,1685153118
513,yuzhno-sakhalinsk,46.9581,142.7337,17.79,68,40,7.0,RU,1685153119
514,yung shue wan,22.2333,114.1167,30.74,83,58,0.45,HK,1685153121
515,kapa'a,22.0752,-159.319,27.99,66,40,7.2,US,1685153122
516,sao joao da barra,-21.6403,-41.0511,22.29,75,18,2.41,BR,1685153123
517,erenhot,43.6475,111.9767,23.11,32,100,8.56,CN,1685153123
518,kegeyli shahar,42.7767,59.6078,21.05,22,76,3.92,UZ,1685153126
519,kudahuvadhoo,2.6708,72.8944,28.48,75,4,4.17,MV,1685153127
520,mulayjah,27.271,48.4242,32.13,29,51,2.66,SA,1685153127
521,carolina beach,34.0352,-77.8936,15.57,86,100,10.63,US,1685153128
522,brisas de zicatela,15.8369,-97.0419,26.29,73,75,4.12,MX,1685153129
523,abashiri,44.0213,144.2697,22.16,49,75,6.17,JP,1685153129
524,kill devil hills,36.0307,-75.676,16.1,73,0,8.75,US,1685152918
525,mokhsogollokh,61.4681,128.9203,11.46,39,29,3.26,RU,1685153130
526,talodi,10.6325,30.3797,31.05,40,100,2.26,SD,1685153131
527,tucuma,-0.1833,-50.05,24.51,93,86,2.38,BR,1685152879
528,kolonia town,6.964,158.206,30.0,79,100,2.06,FM,1685153133
529,alice springs,-23.7,133.8833,13.75,38,3,7.2,AU,1685153134
530,boa vista,2.8197,-60.6733,26.99,83,40,1.03,BR,1685153135
531,ilha de mocambique,-15.0342,40.7358,24.03,64,0,1.99,MZ,1685153136
532,tsiombe,-25.3,45.4833,17.77,82,2,2.26,MG,1685153136
533,kirando,-7.4167,30.6,22.27,65,71,3.54,TZ,1685153137
534,sept-iles,50.2001,-66.3821,8.29,84,75,2.06,CA,1685153138
535,martapura,-3.4167,114.85,30.83,62,18,1.39,ID,1685153139
536,dakhla,23.6848,-15.958,18.61,80,98,2.75,EH,1685153140
537,burutu,5.3509,5.5076,26.52,89,100,2.27,NG,1685153140
538,hopkinton,41.4612,-71.7776,15.27,82,0,3.09,US,1685153142
539,abidjan,5.3094,-4.0197,26.98,100,75,5.14,CI,1685153142
540,esmeraldas,-19.7625,-44.3139,18.58,80,20,2.19,BR,1685152995
541,bhamo,24.2667,97.2333,27.9,69,16,0.6,MM,1685153143
542,sao tome,0.3365,6.7273,26.23,87,100,5.28,ST,1685153144
543,general acha,-37.377,-64.6043,10.59,43,98,6.79,AR,1685153144
544,bria,6.5423,21.9863,21.58,91,100,2.08,CF,1685153145
545,pocri,8.2667,-80.55,27.9,83,100,1.25,PA,1685153145
546,boden,65.8252,21.6886,3.0,49,4,3.38,SE,1685153146
547,howrah,22.5892,88.3103,28.0,83,20,3.09,IN,1685152959
548,inhambane,-23.865,35.3833,20.81,81,96,1.73,MZ,1685153103
549,al ghayzah,16.2079,52.176,28.24,75,1,2.05,YE,1685153147
550,cedeira,43.6797,-8.0209,16.88,85,40,4.72,ES,1685153148
551,plastun,44.7561,136.2939,22.92,40,100,3.8,RU,1685153148
552,eureka,40.8021,-124.1637,12.89,87,65,0.89,US,1685153149
553,tessaoua,13.7574,7.9874,29.38,48,100,4.44,NE,1685153149
554,askoy,60.4092,5.226,8.86,91,75,4.63,NO,1685153150
555,constantia,44.1833,28.65,15.39,92,96,4.06,RO,1685153045
556,bhindar,24.5,74.1833,27.14,69,29,9.05,IN,1685153150
557,amos,48.5669,-78.1162,13.13,61,76,3.06,CA,1685153151
558,robstown,27.7903,-97.6689,27.08,75,0,2.57,US,1685153152
559,selkirk,50.1436,-96.8845,30.08,36,1,1.79,CA,1685153152
560,melekeok village,7.4957,134.6367,28.37,81,99,11.31,PW,1685153153
561,uturoa,-16.7333,-151.4333,27.75,72,82,7.05,PF,1685153153
562,asau,46.4333,26.4,15.51,90,8,2.39,RO,1685153154
563,queenstown,-31.8976,26.8753,4.16,50,38,2.02,ZA,1685153154
564,saint-leu,-21.15,55.2833,21.48,92,97,3.78,RE,1685153154
565,nantucket,41.2835,-70.0995,11.67,87,0,1.54,US,1685153155
566,yambio,4.5721,28.3955,20.0,93,64,1.7,SS,1685153155
567,san ignacio,17.1561,-89.0714,30.08,62,53,0.0,BZ,1685153059
568,grand baie,-20.0182,57.5802,24.39,76,87,4.85,MU,1685152684
569,sengkang,-4.1279,120.0297,29.34,68,100,2.58,ID,1685153156
570,yushu,44.8,126.5333,21.18,47,100,3.19,CN,1685153157
571,mahina,-17.5065,-149.489,29.86,70,20,4.12,PF,1685153157
572,palghar,19.6833,72.75,29.45,65,52,4.81,IN,1685153157
573,myeik,12.4333,98.6,29.91,68,36,4.6,MM,1685153158
574,sagauli,26.7833,84.7333,27.13,64,0,1.27,IN,1685153158
575,jayuya,18.2186,-66.5916,25.33,93,12,0.45,PR,1685153158
576,phang nga,8.4509,98.5298,29.02,74,98,2.91,TH,1685153158
